No,year,month,day,hour,PM2.5,PM10,SO2,NO2,CO,O3,TEMP,PRES,DEWP,RAIN,wd,WSPM,station
1,2013,3,1,0,4.0,4.0,4.0,7.0,300.0,77.0,-0.7,1023.0,-18.8,0.0,NNW,4.4,Aotizhongxin
2,2013,3,1,1,8.0,8.0,4.0,7.0,300.0,77.0,-1.1,1023.2,-18.2,0.0,N,4.7,Aotizhongxin
3,2013,3,1,2,7.0,7.0,5.0,10.0,300.0,73.0,-1.1,1023.5,-18.2,0.0,NNW,5.6,Aotizhongxin
4,2013,3,1,3,6.0,6.0,11.0,11.0,300.0,72.0,-1.4,1024.5,-19.4,0.0,NW,3.1,Aotizhongxin
5,2013,3,1,4,3.0,3.0,12.0,12.0,300.0,72.0,-2.0,1025.2,-19.5,0.0,N,2.0,Aotizhongxin
6,2013,3,1,5,5.0,5.0,18.0,18.0,400.0,66.0,-2.2,1025.6,-19.6,0.0,N,3.7,Aotizhongxin
7,2013,3,1,6,3.0,3.0,18.0,32.0,500.0,50.0,-2.6,1026.5,-19.1,0.0,NNE,2.5,Aotizhongxin
8,2013,3,1,7,3.0,6.0,19.0,41.0,500.0,43.0,-1.6,1027.4,-19.1,0.0,NNW,3.8,Aotizhongxin
9,2013,3,1,8,3.0,6.0,16.0,43.0,500.0,45.0,0.1,1028.3,-19.2,0.0,NNW,4.1,Aotizhongxin
10,2013,3,1,9,3.0,8.0,12.0,28.0,400.0,59.0,1.2,1028.5,-19.3,0.0,N,2.6,Aotizhongxin
11,2013,3,1,10,3.0,6.0,9.0,12.0,400.0,72.0,1.9,1028.2,-19.4,0.0,NNW,3.6,Aotizhongxin
12,2013,3,1,11,3.0,6.0,9.0,14.0,400.0,71.0,2.9,1028.2,-20.5,0.0,N,3.7,Aotizhongxin
13,2013,3,1,12,3.0,6.0,7.0,13.0,300.0,74.0,3.9,1027.3,-19.7,0.0,NNW,5.1,Aotizhongxin
14,2013,3,1,13,3.0,6.0,7.0,12.0,400.0,76.0,5.3,1026.2,-19.3,0.0,NW,4.3,Aotizhongxin
15,2013,3,1,14,6.0,9.0,7.0,11.0,400.0,77.0,6.0,1025.9,-19.6,0.0,NW,4.4,Aotizhongxin
16,2013,3,1,15,8.0,15.0,7.0,14.0,400.0,76.0,6.2,1025.7,-18.6,0.0,NNE,2.8,Aotizhongxin
17,2013,3,1,16,9.0,19.0,9.0,13.0,400.0,76.0,5.9,1025.6,-18.1,0.0,NNW,3.9,Aotizhongxin
18,2013,3,1,17,10.0,23.0,11.0,15.0,400.0,74.0,4.3,1026.3,-18.7,0.0,NNE,2.8,Aotizhongxin
19,2013,3,1,18,11.0,20.0,8.0,20.0,500.0,70.0,3.1,1027.4,-18.4,0.0,NNE,2.1,Aotizhongxin
20,2013,3,1,19,8.0,14.0,12.0,30.0,500.0,60.0,2.3,1028.3,-18.4,0.0,N,2.8,Aotizhongxin
21,2013,3,1,20,11.0,17.0,13.0,33.0,600.0,55.0,1.7,1029.1,-17.3,0.0,N,2.1,Aotizhongxin
22,2013,3,1,21,12.0,18.0,16.0,35.0,500.0,50.0,0.6,1030.1,-16.7,0.0,ENE,0.8,Aotizhongxin
23,2013,3,1,22,15.0,19.0,21.0,57.0,700.0,32.0,0.9,1030.5,-17.4,0.0,ENE,1.8,Aotizhongxin
24,2013,3,1,23,24.0,24.0,26.0,54.0,600.0,36.0,-0.2,1030.5,-17.4,0.0,ENE,1.4,Aotizhongxin
25,2013,3,2,0,22.0,24.0,24.0,44.0,500.0,44.0,-0.4,1031.0,-17.6,0.0,ENE,1.4,Aotizhongxin
26,2013,3,2,1,14.0,17.0,21.0,36.0,400.0,50.0,-1.0,1031.3,-17.3,0.0,NNE,1.1,Aotizhongxin
27,2013,3,2,2,13.0,13.0,20.0,37.0,400.0,47.0,-1.5,1030.9,-16.9,0.0,E,1.7,Aotizhongxin
28,2013,3,2,3,3.0,9.0,13.0,34.0,400.0,52.0,-1.4,1030.6,-17.6,0.0,NNE,1.4,Aotizhongxin
29,2013,3,2,4,3.0,7.0,18.0,43.0,400.0,43.0,-1.5,1030.8,-17.7,0.0,NNW,0.9,Aotizhongxin
30,2013,3,2,5,9.0,11.0,19.0,70.0,500.0,20.0,-1.8,1030.1,-17.5,0.0,NNE,2.0,Aotizhongxin
31,2013,3,2,6,4.0,10.0,28.0,46.0,500.0,39.0,-2.5,1029.6,-17.7,0.0,NW,0.7,Aotizhongxin
32,2013,3,2,7,3.0,11.0,34.0,58.0,500.0,27.0,-1.7,1029.8,-17.0,0.0,NE,1.2,Aotizhongxin
33,2013,3,2,8,3.0,7.0,21.0,49.0,500.0,43.0,-0.4,1029.6,-17.6,0.0,NE,1.8,Aotizhongxin
34,2013,3,2,9,10.0,14.0,47.0,62.0,700.0,29.0,0.6,1029.7,-16.7,0.0,NE,1.7,Aotizhongxin
35,2013,3,2,10,11.0,19.0,36.0,60.0,600.0,34.0,1.7,1028.9,-16.3,0.0,W,1.6,Aotizhongxin
36,2013,3,2,11,18.0,29.0,36.0,70.0,800.0,27.0,2.2,1028.2,-16.8,0.0,SSW,3.1,Aotizhongxin
37,2013,3,2,12,26.0,30.0,25.0,76.0,900.0,22.0,2.7,1027.3,-16.4,0.0,WSW,2.7,Aotizhongxin
38,2013,3,2,13,25.0,33.0,20.0,57.0,700.0,39.0,3.3,1025.7,-16.4,0.0,W,1.5,Aotizhongxin
39,2013,3,2,14,26.0,35.0,22.0,54.0,700.0,43.0,3.8,1024.8,-16.0,0.0,SE,1.3,Aotizhongxin
40,2013,3,2,15,37.0,40.0,24.0,55.0,700.0,44.0,3.9,1024.1,-16.5,0.0,WNW,1.2,Aotizhongxin
41,2013,3,2,16,37.0,46.0,29.0,63.0,1000.0,38.0,3.5,1023.6,-15.2,0.0,WSW,2.5,Aotizhongxin
42,2013,3,2,17,44.0,58.0,45.0,77.0,1200.0,30.0,2.2,1023.4,-13.6,0.0,SSE,0.4,Aotizhongxin
43,2013,3,2,18,54.0,79.0,50.0,80.0,1100.0,24.0,1.2,1023.2,-12.3,0.0,W,0.9,Aotizhongxin
44,2013,3,2,19,61.0,86.0,50.0,97.0,1300.0,10.0,1.5,1022.9,-13.8,0.0,NE,1.2,Aotizhongxin
45,2013,3,2,20,67.0,96.0,54.0,108.0,1399.0,2.0,1.2,1022.9,-14.1,0.0,NNE,1.2,Aotizhongxin
46,2013,3,2,21,74.0,103.0,72.0,107.0,1399.0,2.0,0.6,1022.6,-14.2,0.0,NE,1.3,Aotizhongxin
47,2013,3,2,22,81.0,113.0,84.0,110.0,1500.0,3.0,-0.6,1022.3,-13.9,0.0,NNE,1.4,Aotizhongxin
48,2013,3,2,23,93.0,120.0,87.0,107.0,1700.0,2.0,-0.8,1021.1,-13.4,0.0,N,1.3,Aotizhongxin
49,2013,3,3,0,112.0,130.0,73.0,100.0,1899.0,2.0,-1.4,1020.4,-13.0,0.0,NNE,1.2,Aotizhongxin
50,2013,3,3,1,109.0,132.0,80.0,101.0,2200.0,2.0,-2.0,1019.4,-13.2,0.0,NE,1.2,Aotizhongxin
51,2013,3,3,2,110.0,132.0,98.0,99.0,2399.0,2.0,-2.8,1018.3,-12.3,0.0,NE,1.4,Aotizhongxin
52,2013,3,3,3,105.0,129.0,88.0,100.0,2500.0,2.0,-2.6,1017.2,-13.2,0.0,NE,1.2,Aotizhongxin
53,2013,3,3,4,106.0,136.0,79.0,92.0,2799.0,2.0,-4.3,1016.9,-11.8,0.0,NNE,0.9,Aotizhongxin
54,2013,3,3,5,101.0,135.0,64.0,87.0,2399.0,2.0,-5.6,1016.3,-10.9,0.0,N,0.8,Aotizhongxin
55,2013,3,3,6,91.0,142.0,67.0,87.0,2100.0,2.0,-5.8,1016.2,-11.0,0.0,NNE,0.8,Aotizhongxin
56,2013,3,3,7,79.0,116.0,83.0,91.0,2000.0,2.0,-3.1,1016.5,-11.1,0.0,NE,1.5,Aotizhongxin
57,2013,3,3,8,77.0,110.0,123.0,90.0,2299.0,2.0,0.7,1016.2,-13.0,0.0,NNE,2.3,Aotizhongxin
58,2013,3,3,9,83.0,119.0,135.0,90.0,2600.0,3.0,3.5,1015.8,-13.8,0.0,NNE,0.4,Aotizhongxin
59,2013,3,3,10,94.0,122.0,116.0,90.0,1800.0,9.0,6.5,1014.9,-13.2,0.0,N,1.3,Aotizhongxin
60,2013,3,3,11,96.0,117.0,89.0,93.0,1600.0,14.0,11.4,1013.8,-10.8,0.0,ESE,0.9,Aotizhongxin
61,2013,3,3,12,91.0,108.0,77.0,99.0,1600.0,14.0,13.8,1012.5,-13.3,0.0,W,1.1,Aotizhongxin
62,2013,3,3,13,98.0,134.0,50.0,81.0,1200.0,33.0,16.0,1011.5,-13.5,0.0,W,5.9,Aotizhongxin
63,2013,3,3,14,72.0,106.0,31.0,57.0,900.0,51.0,16.7,1010.8,-14.0,0.0,WNW,4.3,Aotizhongxin
64,2013,3,3,15,48.0,114.0,14.0,17.0,500.0,77.0,16.9,1010.5,-12.7,0.0,WNW,2.0,Aotizhongxin
65,2013,3,3,16,28.0,100.0,12.0,17.0,400.0,77.0,16.4,1010.6,-15.4,0.0,NW,2.9,Aotizhongxin
66,2013,3,3,17,26.0,103.0,9.0,19.0,400.0,73.0,13.1,1011.1,-10.1,0.0,WSW,1.7,Aotizhongxin
67,2013,3,3,18,24.0,82.0,8.0,27.0,500.0,66.0,8.7,1012.3,-11.3,0.0,NW,1.6,Aotizhongxin
68,2013,3,3,19,19.0,71.0,26.0,98.0,1300.0,11.0,12.2,1013.4,-13.7,0.0,NNW,2.0,Aotizhongxin
69,2013,3,3,20,60.0,175.0,64.0,135.0,2000.0,4.0,11.7,1013.5,-12.6,0.0,N,0.9,Aotizhongxin
70,2013,3,3,21,117.0,181.0,28.0,100.0,1100.0,5.0,5.3,1013.6,-10.9,0.0,N,0.0,Aotizhongxin
71,2013,3,3,22,54.0,105.0,28.0,90.0,1200.0,2.0,3.1,1014.1,-10.2,0.0,NNE,1.8,Aotizhongxin
72,2013,3,3,23,46.0,94.0,29.0,84.0,1200.0,2.0,5.2,1014.8,-10.6,0.0,NNW,1.7,Aotizhongxin
73,2013,3,4,0,42.0,83.0,51.0,86.0,1300.0,4.0,7.7,1015.7,-11.1,0.0,N,2.6,Aotizhongxin
74,2013,3,4,1,49.0,80.0,39.0,64.0,1000.0,25.0,8.2,1016.7,-11.7,0.0,N,2.8,Aotizhongxin
75,2013,3,4,2,34.0,62.0,,14.0,300.0,68.0,8.1,1016.7,-11.8,0.0,N,4.3,Aotizhongxin
76,2013,3,4,3,12.0,34.0,6.0,12.0,,77.0,7.2,1016.9,-11.6,0.0,N,2.8,Aotizhongxin
77,2013,3,4,4,7.0,18.0,14.0,,400.0,42.0,6.0,1018.0,-11.6,0.0,NNW,1.0,Aotizhongxin
78,2013,3,4,5,10.0,24.0,18.0,45.0,400.0,40.0,2.7,1018.6,-10.9,0.0,SSE,0.5,Aotizhongxin
79,2013,3,4,6,13.0,32.0,24.0,65.0,500.0,22.0,3.8,1018.9,-11.4,0.0,N,2.3,Aotizhongxin
80,2013,3,4,7,14.0,36.0,30.0,70.0,600.0,17.0,6.5,1019.7,-10.7,0.0,N,2.3,Aotizhongxin
81,2013,3,4,8,13.0,35.0,38.0,70.0,700.0,21.0,9.0,1020.7,-12.2,0.0,NE,3.1,Aotizhongxin
82,2013,3,4,9,15.0,32.0,26.0,36.0,500.0,52.0,10.6,1020.8,-12.1,0.0,NNE,1.3,Aotizhongxin
83,2013,3,4,10,16.0,24.0,22.0,36.0,600.0,57.0,11.9,1020.4,-12.4,0.0,NE,2.1,Aotizhongxin
84,2013,3,4,11,18.0,33.0,18.0,27.0,400.0,68.0,13.1,1020.0,-13.0,0.0,NE,3.0,Aotizhongxin
85,2013,3,4,12,13.0,28.0,12.0,14.0,400.0,77.0,14.2,1018.9,-13.9,0.0,N,2.7,Aotizhongxin
86,2013,3,4,13,3.0,12.0,7.0,12.0,300.0,82.0,15.3,1017.8,-13.0,0.0,S,2.0,Aotizhongxin
87,2013,3,4,14,3.0,10.0,8.0,13.0,400.0,84.0,15.2,1017.0,-13.1,0.0,SW,0.7,Aotizhongxin
88,2013,3,4,15,10.0,13.0,9.0,15.0,400.0,84.0,15.3,1016.3,-13.0,0.0,SSW,2.4,Aotizhongxin
89,2013,3,4,16,14.0,20.0,10.0,34.0,500.0,70.0,14.5,1015.7,-13.7,0.0,S,2.6,Aotizhongxin
90,2013,3,4,17,20.0,33.0,14.0,40.0,500.0,78.0,12.7,1015.9,-11.8,0.0,SW,2.6,Aotizhongxin
91,2013,3,4,18,25.0,44.0,13.0,43.0,600.0,75.0,11.6,1016.5,-11.3,0.0,SSW,3.4,Aotizhongxin
92,2013,3,4,19,31.0,63.0,17.0,61.0,700.0,53.0,10.9,1016.6,-10.6,0.0,SW,3.5,Aotizhongxin
93,2013,3,4,20,34.0,84.0,18.0,76.0,800.0,40.0,9.9,1016.9,-10.3,0.0,SSW,3.1,Aotizhongxin
94,2013,3,4,21,40.0,85.0,40.0,76.0,800.0,39.0,8.4,1016.9,-10.0,0.0,SSW,2.1,Aotizhongxin
95,2013,3,4,22,51.0,91.0,46.0,85.0,1000.0,31.0,8.6,1016.3,-9.9,0.0,SSW,2.4,Aotizhongxin
96,2013,3,4,23,58.0,94.0,46.0,86.0,1100.0,84.0,7.7,1015.7,-9.3,0.0,SW,2.1,Aotizhongxin
97,2013,3,5,0,71.0,108.0,66.0,78.0,1100.0,84.0,4.7,1015.2,-9.1,0.0,SW,1.6,Aotizhongxin
98,2013,3,5,1,91.0,127.0,75.0,75.0,1200.0,84.0,1.1,1014.7,-7.9,0.0,SW,0.0,Aotizhongxin
99,2013,3,5,2,100.0,129.0,58.0,79.0,1200.0,84.0,-0.6,1014.4,-8.1,0.0,S,0.0,Aotizhongxin
100,2013,3,5,3,103.0,130.0,66.0,83.0,1399.0,84.0,0.2,1014.0,-8.8,0.0,NE,1.2,Aotizhongxin
